{"cameraMode":{"drawMode":0,"name":"Shaded","section":"Shading Mode"},"sceneLighting":true,"audioPlay":false,"sceneViewState":{"m_AlwaysRefresh":false,"showFog":true,"showSkybox":true,"showFlares":true,"showImageEffects":true,"showParticleSystems":true,"showVisualEffectGraphs":true,"m_FxEnabled":true},"in2DMode":false,"pivot":{"x":-31.618370056152345,"y":0.00010776447743410245,"z":-17.889694213867189},"rotation":{"x":-0.41041135787963869,"y":0.18894703686237336,"z":-0.08738226443529129,"w":-0.8881019949913025},"size":33.90641784667969,"orthographic":false}