{"cameraMode":{"drawMode":0,"name":"Shaded","section":"Shading Mode"},"sceneLighting":false,"audioPlay":false,"sceneViewState":{"m_AlwaysRefresh":false,"showFog":true,"showSkybox":false,"showFlares":true,"showImageEffects":true,"showParticleSystems":true,"showVisualEffectGraphs":true,"m_FxEnabled":true},"in2DMode":false,"pivot":{"x":-48.14400100708008,"y":1.1399999856948853,"z":-20.280000686645509},"rotation":{"x":0.049038421362638476,"y":0.30771470069885256,"z":0.01602073200047016,"w":-0.9503374695777893},"size":0.21650634706020356,"orthographic":false}